pattern,anchor_ts,entry_ts,exit_ts,direction,entry_idx,exit_idx,entry_price,exit_price,shares,entry_notional,exit_notional,risk_dollars,portfolio_heat_after_entry,tp,stop,exit_reason,holding_bars,gross_pnl,net_pnl,return,r_multiple,proba,proba_raw,label
double_bottom,2018-10-26 16:00:00-04:00,2018-10-29 09:45:00-04:00,2018-10-29 12:15:00-04:00,long,70166,70176,268.78,267.3085714285714,1699,456657.22,454157.2628571428,2499.957142857173,0.002499957142857173,270.9871428571429,267.3085714285714,stop,10,-2499.957142857173,-2636.5793152857445,-0.0026365793152857446,-1.054649805825242,0.7468540085342898,0.9942491,1
double_bottom,2018-10-30 15:15:00-04:00,2018-10-30 15:30:00-04:00,2018-10-31 09:45:00-04:00,long,70215,70218,266.65,268.4232142857142,2114,563698.1,567446.6749999998,2499.0499999999247,0.0024990499999999246,268.4232142857142,265.46785714285716,tp,3,3748.5749999998866,3578.9032837498867,0.0035789032837498865,1.432105513595164,0.7372573001794557,0.99376464,1
double_bottom,2018-11-06 16:00:00-05:00,2018-11-07 09:45:00-05:00,2018-11-07 09:45:00-05:00,long,70348,70348,277.56,278.2939285714285,3602,999771.12,1002414.7307142855,1762.40714285709,0.00176240714285709,278.2939285714285,277.0707142857143,tp,0,2643.610714285533,2343.28283667839,0.00234328283667839,1.3295922262773092,0.3841383322271797,0.9328283,1
double_bottom,2018-11-27 16:00:00-05:00,2018-11-28 09:45:00-05:00,2018-11-28 10:15:00-05:00,long,70700,70702,269.6,269.0785714285714,3709,999946.4000000001,998012.4214285715,1933.97857142868,0.00193397857142868,270.3821428571429,269.0785714285714,stop,2,-1933.97857142868,-2233.6723946429656,-0.002233672394642966,-1.1549623287671145,0.1824898143698094,0.72382015,0
double_bottom,2018-12-28 14:00:00-05:00,2018-12-28 14:15:00-05:00,2018-12-28 14:30:00-05:00,long,71226,71227,248.58,250.18928571428575,2330,579191.4,582941.0357142858,2499.757142857149,0.0024997571428571493,250.18928571428575,247.50714285714287,tp,1,3749.635714285757,3575.315848928614,0.003575315848928614,1.430265279627177,0.279031596279233,0.8648885,1
double_bottom,2019-01-23 16:00:00-05:00,2019-01-24 09:45:00-05:00,2019-01-24 09:45:00-05:00,long,71650,71650,263.21,262.66714285714284,3799,999934.7899999999,997872.4757142856,2062.314285714292,0.002062314285714292,264.0242857142857,262.66714285714284,stop,0,-2062.314285714292,-2361.985375571435,-0.0023619853755714347,-1.1453081578947364,0.3358143486203205,0.9080633,0
double_bottom,2019-03-01 15:15:00-05:00,2019-03-01 15:30:00-05:00,2019-03-01 15:45:00-05:00,long,72323,72324,280.19,280.60785714285714,3569,999998.11,1001489.4421428571,994.2214285713649,0.0009942214285713648,280.60785714285714,279.9114285714286,tp,1,1491.3321428571487,1191.10901003572,0.0011911090100357202,1.1980319230770056,0.2502845216415481,0.8343276,0
double_bottom,2019-03-18 15:30:00-04:00,2019-03-18 15:45:00-04:00,2019-03-18 15:45:00-04:00,long,72610,72610,281.94,282.3010714285714,3546,999759.24,1001039.5992857141,853.5728571427719,0.0008535728571427719,282.3010714285714,281.69928571428574,tp,0,1280.359285714158,980.2394598213009,0.000980239459821301,1.1483957715133182,0.2428843102736575,0.82519805,0
double_bottom,2019-03-21 11:30:00-04:00,2019-03-21 11:45:00-04:00,2019-03-21 14:15:00-04:00,long,72672,72682,283.31,284.29035714285715,3529,999800.99,1003260.6703571429,2306.4535714285084,0.0023064535714285087,284.29035714285715,282.6564285714286,tp,10,3459.6803571428627,3159.221108089291,0.0031592211080892912,1.3697310655738102,0.2689223931801646,0.8549569,1
double_bottom,2019-03-26 09:45:00-04:00,2019-03-26 10:00:00-04:00,2019-03-26 12:00:00-04:00,long,72743,72751,281.8,281.02714285714285,3234,911341.2000000001,908841.78,2499.420000000064,0.002499420000000064,282.9592857142858,281.02714285714285,stop,8,-2499.420000000064,-2772.447447000064,-0.002772447447000064,-1.1092363216266146,0.7606073820158757,0.9948974,1
double_bottom,2019-03-28 15:30:00-04:00,2019-03-28 15:45:00-04:00,2019-03-29 09:45:00-04:00,long,72818,72820,280.56,281.115,3564,999915.84,1001893.86,1318.6800000000162,0.0013186800000000163,281.115,280.19,tp,2,1978.0200000000243,1677.7485450000243,0.0016777485450000242,1.2722939189189217,0.1925630860949891,0.74474925,1
double_bottom,2019-05-30 15:00:00-04:00,2019-05-30 15:15:00-04:00,2019-05-30 15:15:00-04:00,long,73934,73934,278.67,278.2171428571429,3588,999867.9600000001,998243.1085714287,1624.8514285713202,0.0016248514285713202,279.34928571428566,278.2171428571429,stop,0,-1624.8514285713202,-1924.5680888570346,-0.0019245680888570346,-1.1844578864353437,0.1722473521928952,0.70047265,0
double_bottom,2019-06-04 10:00:00-04:00,2019-06-04 10:15:00-04:00,2019-06-04 11:15:00-04:00,long,73992,73996,277.07,278.76928571428573,2206,611216.42,614965.0442857143,2499.082857142931,0.002499082857142931,278.76928571428573,275.9371428571428,tp,4,3748.624285714334,3564.697066071477,0.0035646970660714768,1.4264021122320074,0.4436129640139447,0.9538836,1
double_bottom,2019-06-14 15:00:00-04:00,2019-06-14 15:15:00-04:00,2019-06-14 15:15:00-04:00,long,74220,74220,289.17,289.4871428571428,3458,999949.8600000001,1001046.5399999999,731.1199999998967,0.0007311199999998967,289.4871428571428,288.9585714285715,tp,0,1096.679999999845,796.530539999845,0.000796530539999845,1.0894662162161581,0.175868639064758,0.7089784,0
double_bottom,2019-06-19 10:00:00-04:00,2019-06-19 10:15:00-04:00,2019-06-19 10:30:00-04:00,long,74278,74279,292.58,292.2264285714286,3417,999745.86,998537.7064285715,1208.1535714284714,0.0012081535714284714,293.1103571428571,292.2264285714286,stop,1,-1208.1535714284714,-1507.8961063927572,-0.0015078961063927573,-1.2480996969697176,0.3041431871248339,0.88633806,0
double_bottom,2019-06-20 15:30:00-04:00,2019-06-20 15:45:00-04:00,2019-06-20 16:00:00-04:00,long,74326,74327,295.66,296.2771428571429,3382,999922.1200000001,1002009.2971428573,1391.4514285714813,0.0013914514285714814,296.2771428571429,295.24857142857144,tp,1,2087.177142857222,1786.8874302857935,0.0017868874302857936,1.2841895833333417,0.3704455712693689,0.92665344,0
double_bottom,2019-06-28 16:00:00-04:00,2019-07-01 09:45:00-04:00,2019-07-01 10:00:00-04:00,long,74484,74485,296.68,296.40357142857147,3370,999811.6,998880.0357142858,931.5642857141773,0.0009315642857141773,297.09464285714284,296.40357142857147,stop,1,-931.5642857141773,-1231.3680310713203,-0.0012313680310713203,-1.321828294573681,0.7986566714927592,0.9964349,1
double_bottom,2019-08-13 10:15:00-04:00,2019-08-13 10:30:00-04:00,2019-08-13 10:30:00-04:00,long,75255,75255,292.4,293.9160714285714,2473,723105.2,726854.4446428571,2499.4964285714645,0.0024994964285714647,293.9160714285714,291.3892857142857,tp,0,3749.2446428571266,3531.750696160698,0.0035317506961606983,1.4129848939929062,0.9729774551224196,0.9999002,1
double_bottom,2019-08-22 15:00:00-04:00,2019-08-22 15:15:00-04:00,2019-08-22 15:15:00-04:00,long,75456,75456,292.87,292.4642857142857,3414,999858.18,998473.0714285715,1385.1085714285591,0.0013851085714285591,293.4785714285714,292.4642857142857,stop,0,-1385.1085714285591,-1684.8582591428449,-0.0016848582591428448,-1.2164088028169033,0.3343731727793315,0.90718323,0
double_bottom,2019-08-26 16:00:00-04:00,2019-08-27 09:45:00-04:00,2019-08-27 10:00:00-04:00,long,75512,75513,289.54,289.0507142857143,3453,999781.6200000001,998092.1164285715,1689.503571428521,0.001689503571428521,290.27392857142854,289.0507142857143,stop,1,-1689.503571428521,-1989.1846318928067,-0.0019891846318928065,-1.177378175182487,0.7624540032494993,0.9949805,1
double_bottom,2019-09-11 10:00:00-04:00,2019-09-11 10:15:00-04:00,2019-09-11 11:45:00-04:00,long,75774,75780,298.59,299.2617857142857,3349,999977.9099999999,1002227.7203571427,1499.8735714284855,0.0014998735714284856,299.2617857142857,298.14214285714286,tp,6,2249.8103571428232,1949.479512589252,0.001949479512589252,1.2997625598086644,0.9320010733166214,0.99952185,1
double_bottom,2019-09-17 16:00:00-04:00,2019-09-18 09:45:00-04:00,2019-09-18 09:45:00-04:00,long,75902,75902,300.49,300.25,3327,999730.23,998931.75,798.4800000000303,0.0007984800000000302,300.85,300.25,stop,0,-798.4800000000303,-1098.2792970000303,-0.0010982792970000302,-1.3754624999999858,0.2573179120188251,0.8424913,0
double_bottom,2019-10-17 16:00:00-04:00,2019-10-18 09:45:00-04:00,2019-10-18 09:45:00-04:00,long,76474,76474,298.68,299.1235714285714,3348,999980.64,1001465.717142857,990.0514285713709,0.000990051428571371,299.1235714285714,298.38428571428574,tp,0,1485.0771428569612,1184.8601892855327,0.0011848601892855326,1.1967663043477124,0.2977617095594007,0.8812839,0
double_bottom,2019-10-25 10:30:00-04:00,2019-10-25 10:45:00-04:00,2019-10-25 11:00:00-04:00,long,76608,76609,300.89,301.3582142857143,3323,999857.47,1001413.3460714287,1037.2507142857694,0.0010372507142857694,301.3582142857143,300.5778571428571,tp,1,1555.8760714287484,1255.685449018034,0.001255685449018034,1.2105901029749346,0.1925347902752865,0.7446931,0
double_bottom,2019-12-12 09:45:00-05:00,2019-12-12 10:00:00-05:00,2019-12-12 10:15:00-05:00,long,77451,77452,316.16,316.87250000000006,3162,999697.92,1001950.8450000002,1501.950000000072,0.001501950000000072,316.87250000000006,315.685,tp,1,2252.925000000108,1952.677685250108,0.001952677685250108,1.3000950000000095,0.2850368018702495,0.8704144,0
double_bottom,2020-01-07 15:30:00-05:00,2020-01-07 15:45:00-05:00,2020-01-07 15:45:00-05:00,long,77878,77878,323.29,323.0392857142857,3093,999935.9700000001,999160.5107142857,775.4592857143591,0.0007754592857143591,323.6660714285715,323.0392857142857,stop,0,-775.4592857143591,-1075.323757821502,-0.0010753237578215022,-1.3866927350426985,0.372128718192687,0.92744476,0
double_bottom,2020-01-28 10:15:00-05:00,2020-01-28 10:30:00-05:00,2020-01-28 11:45:00-05:00,long,78221,78226,326.12,327.1303571428572,3066,999883.92,1002981.6750000002,2065.1700000000637,0.0020651700000000636,327.1303571428572,325.44642857142856,tp,5,3097.7550000000956,2797.3251607500956,0.0027973251607500958,1.35452537115589,0.2682986257797875,0.85431683,1
double_bottom,2020-02-03 16:00:00-05:00,2020-02-04 09:45:00-05:00,2020-02-04 10:00:00-05:00,long,78348,78349,328.07,328.8435714285714,3048,999957.36,1002315.2057142856,1571.8971428571735,0.0015718971428571736,328.8435714285714,327.5542857142857,tp,1,2357.8457142856737,2057.5048294285307,0.0020575048294285306,1.3089309556786188,0.4269576659860453,0.9487976,1
double_bottom,2020-03-10 15:30:00-04:00,2020-03-10 15:45:00-04:00,2020-03-10 16:00:00-04:00,long,78996,78997,284.2,288.15999999999997,946,268853.2,272599.36,2497.439999999987,0.002497439999999987,288.15999999999997,281.56,tp,1,3746.1599999999808,3664.9421159999806,0.0036649421159999805,1.4674795454545455,0.3155036488158587,0.8947392,0
double_bottom,2020-03-12 16:00:00-04:00,2020-03-13 09:45:00-04:00,2020-03-13 09:45:00-04:00,long,79050,79050,263.09,258.4,533,140226.97,137727.19999999998,2499.7699999999986,0.002499769999999999,270.125,258.4,stop,0,-2499.7699999999986,-2541.4631254999986,-0.0025414631254999987,-1.0166787846481877,0.2470992753255852,0.8304682,1
double_bottom,2020-03-13 13:15:00-04:00,2020-03-13 13:30:00-04:00,2020-03-13 15:45:00-04:00,long,79065,79074,256.26,261.1380665540837,768,196807.68,200554.0351135363,2497.57007569087,0.00249757007569087,261.1380665540837,253.00795563061084,tp,9,3746.355113536294,3686.7508562692637,0.0036867508562692637,1.4761351011340278,0.4781842180001777,0.96286136,1
double_bottom,2020-03-23 16:00:00-04:00,2020-03-24 09:45:00-04:00,2020-03-24 11:45:00-04:00,long,79232,79240,234.42,239.54249999999996,732,171595.44,175345.11,2499.7799999999943,0.0024997799999999944,239.54249999999996,231.005,tp,8,3749.669999999981,3697.628917499981,0.003697628917499981,1.4791817349926752,0.9213779983168424,0.99938357,1
double_bottom,2020-04-02 15:45:00-04:00,2020-04-02 16:00:00-04:00,2020-04-03 09:45:00-04:00,long,79439,79440,250.44,252.87428571428575,1540,385677.6,389426.4,2499.2000000000216,0.0024992000000000217,252.87428571428575,248.81714285714284,tp,1,3748.8000000000548,3632.5344000000546,0.0036325344000000545,1.453478873239446,0.801424100438727,0.9965333,1
double_bottom,2020-04-28 16:00:00-04:00,2020-04-29 09:45:00-04:00,2020-04-29 09:45:00-04:00,long,79882,79882,291.53,290.6821428571428,2948,859430.44,856930.957142857,2499.482857142882,0.002499482857142882,292.8017857142857,290.6821428571428,stop,0,-2499.482857142882,-2756.9370667143107,-0.002756937066714311,-1.1030029907329393,0.3924510274257897,0.93630075,0
double_bottom,2020-05-04 16:00:00-04:00,2020-05-05 09:45:00-04:00,2020-05-05 10:00:00-04:00,long,79986,79987,286.64,287.6953571428571,3488,999800.32,1003481.4057142857,2454.05714285712,0.00245405714285712,287.6953571428571,285.93642857142856,tp,1,3681.0857142856803,3380.5934554285377,0.0033805934554285376,1.3775528680203035,0.1960162335049451,0.75149447,1
double_bottom,2020-05-07 16:00:00-04:00,2020-05-08 09:45:00-04:00,2020-05-08 09:45:00-04:00,long,80064,80064,291.08,290.4057142857143,3435,999859.7999999999,997543.6285714286,2316.171428571386,0.002316171428571386,292.09142857142854,290.4057142857143,stop,0,-2316.171428571386,-2615.7819428571,-0.0026157819428571003,-1.1293559322033921,0.6042470999417532,0.98343396,1
double_bottom,2020-05-15 13:00:00-04:00,2020-05-15 13:15:00-04:00,2020-05-15 16:00:00-04:00,long,80208,80219,284.13,286.05321428571426,1949,553769.37,557517.7146428571,2498.8964285714032,0.002498896428571403,286.05321428571426,282.84785714285715,tp,11,3748.344642857105,3581.6515801606765,0.0035816515801606764,1.4332933286908072,0.530645872805135,0.9733025,1
double_bottom,2020-06-02 16:00:00-04:00,2020-06-03 09:45:00-04:00,2020-06-03 10:45:00-04:00,long,80506,80510,310.23,311.0357142857143,3223,999871.29,1002468.1071428572,1731.211428571372,0.0017312114285713718,311.0357142857143,309.6928571428572,tp,4,2596.817142857058,2296.4662332856296,0.0022964662332856296,1.3265082446808456,0.3115139604953028,0.89187217,1
double_bottom,2020-06-05 10:00:00-04:00,2020-06-05 10:15:00-04:00,2020-06-05 11:15:00-04:00,long,80560,80564,317.64,319.5064285714286,2009,638138.76,641888.415,2499.770000000076,0.002499770000000076,319.5064285714286,316.39571428571423,tp,4,3749.6550000001134,3557.650923750113,0.003557650923750113,1.4231913030998873,0.228994142461825,0.8064186,0
double_bottom,2020-06-18 16:00:00-04:00,2020-06-19 09:45:00-04:00,2020-06-19 09:45:00-04:00,long,80818,80818,314.17,313.4592857142857,3182,999688.9400000001,997427.4471428571,2261.4928571428673,0.0022614928571428675,315.23607142857145,313.4592857142857,stop,0,-2261.4928571428673,-2561.0603152142958,-0.0025610603152142956,-1.1324644723618085,0.2648430781829788,0.8507107,1
double_bottom,2020-06-30 10:00:00-04:00,2020-06-30 10:15:00-04:00,2020-06-30 10:30:00-04:00,long,81002,81003,304.8,305.9464285714286,3271,997000.8,1000750.767857143,2499.9785714286354,0.0024999785714286352,305.9464285714286,304.0357142857143,tp,1,3749.9678571429527,3450.305121964381,0.003450305121964381,1.3801338785046757,0.6319980037025887,0.98627263,1
double_bottom,2020-08-10 13:45:00-04:00,2020-08-10 14:00:00-04:00,2020-08-11 09:45:00-04:00,long,81745,81754,335.07,335.96464285714285,2984,999848.88,1002518.4942857142,1779.7428571429105,0.0017797428571429104,335.96464285714285,334.4735714285714,tp,9,2669.614285714281,2369.259179571424,0.002369259179571424,1.331236796407143,0.220789250080846,0.7942139,0
double_bottom,2020-09-08 16:00:00-04:00,2020-09-09 09:45:00-04:00,2020-09-09 10:30:00-04:00,long,82274,82277,337.55,339.13594146766724,2364,797968.2000000001,801717.3656295653,2499.443753043548,0.002499443753043548,339.13594146766724,336.49270568822186,tp,3,3749.165629565322,3509.2127947208874,0.0035092127947208875,1.4039975056241027,0.2001079297691544,0.7592193,0
double_bottom,2020-09-11 16:00:00-04:00,2020-09-14 09:45:00-04:00,2020-09-14 10:15:00-04:00,long,82352,82354,337.48,339.6089285714286,1761,594302.28,598051.3232142858,2499.362142857129,0.002499362142857129,339.6089285714286,336.0607142857143,tp,2,3749.0432142856935,3570.190173803551,0.003570190173803551,1.4284405259184696,0.8556587936880791,0.9981394,1
double_bottom,2020-10-02 16:00:00-04:00,2020-10-05 09:45:00-04:00,2020-10-05 10:30:00-04:00,long,82742,82745,336.06,337.6146428571429,2412,810576.72,814326.5185714286,2499.865714285752,0.002499865714285752,337.6146428571429,335.0235714285714,tp,3,3749.798571428628,3506.0630856429134,0.0035060630856429136,1.402500568573399,0.501160081153188,0.96784425,1
double_bottom,2020-10-06 10:00:00-04:00,2020-10-06 10:15:00-04:00,2020-10-06 10:30:00-04:00,long,82770,82771,339.4,340.2603571428571,2946,999872.3999999999,1002407.0121428571,1689.7414285714228,0.0016897414285714227,340.2603571428571,338.82642857142855,tp,1,2534.612142857134,2234.2702310357054,0.0022342702310357053,1.322255697384806,0.2966545369693354,0.880381,1
double_bottom,2020-10-16 15:45:00-04:00,2020-10-16 16:00:00-04:00,2020-10-16 16:00:00-04:00,long,83001,83001,348.33,347.76571428571424,2870,999707.1,998087.5999999999,1619.5000000000887,0.0016195000000000888,349.1764285714286,347.76571428571424,stop,0,-1619.5000000000887,-1919.1692050000886,-0.0019191692050000886,-1.1850381012658127,0.1625264350670743,0.6761939,0
double_bottom,2020-11-02 16:00:00-05:00,2020-11-03 09:45:00-05:00,2020-11-03 10:00:00-05:00,long,83288,83289,333.69,335.3442857142857,2266,756141.54,759890.1514285714,2499.0742857142945,0.0024990742857142947,335.3442857142857,332.58714285714285,tp,1,3748.611428571442,3521.2066748571565,0.0035212066748571565,1.4090044041450782,0.894818098233287,0.99896383,1
double_bottom,2020-11-23 15:15:00-05:00,2020-11-23 15:30:00-05:00,2020-11-23 15:45:00-05:00,long,83675,83676,358.14,357.54571428571427,2792,999926.88,998267.6342857142,1659.2457142857243,0.0016592457142857243,359.0314285714286,357.54571428571427,stop,1,-1659.2457142857243,-1958.9748914285815,-0.0019589748914285816,-1.1806418269230758,0.3035836667889339,0.8859049,0
double_bottom,2021-01-07 10:00:00-05:00,2021-01-07 10:15:00-05:00,2021-01-08 09:45:00-05:00,long,84382,84406,377.88,380.0967857142857,1691,638995.08,642743.6646428572,2499.0564285714354,0.0024990564285714352,380.0967857142857,376.40214285714285,tp,24,3748.5846428571526,3556.3238311607242,0.003556323831160724,1.4230666384726922,0.7792285260681887,0.9956945,1
double_bottom,2021-01-12 16:00:00-05:00,2021-01-13 09:45:00-05:00,2021-01-13 10:15:00-05:00,long,84484,84486,378.69,378.2732911243177,2640,999741.6,998641.4885681988,1100.111431801206,0.0011001114318012059,379.3150633135234,378.2732911243177,stop,2,-1100.111431801206,-1399.8688950864357,-0.0013998688950864358,-1.272479182217422,0.1771841060353626,0.71199906,0
double_bottom,2021-01-26 15:30:00-05:00,2021-01-26 15:45:00-05:00,2021-01-26 15:45:00-05:00,long,84716,84716,384.89,384.4428571428571,2598,999944.22,998782.5428571427,1161.6771428571624,0.0011616771428571624,385.5607142857143,384.4428571428571,stop,0,-1161.6771428571624,-1461.486157285734,-0.001461486157285734,-1.2580829073482387,0.1649131258300828,0.68235666,0
double_bottom,2021-02-12 16:00:00-05:00,2021-02-16 09:45:00-05:00,2021-02-16 09:45:00-05:00,long,85056,85056,393.97,393.56,2538,999895.8600000001,998855.28,1040.5800000000636,0.0010405800000000637,394.58500000000004,393.56,stop,0,-1040.5800000000636,-1340.3926710000637,-0.0013403926710000638,-1.2881207317072996,0.6055735108461106,0.98358005,1
double_bottom,2021-02-16 15:15:00-05:00,2021-02-16 15:30:00-05:00,2021-02-16 16:00:00-05:00,long,85079,85081,392.7,392.15999999999997,2546,999814.2,998439.3599999999,1374.840000000052,0.001374840000000052,393.51,392.15999999999997,stop,2,-1374.840000000052,-1674.578034000052,-0.001674578034000052,-1.2180166666666583,0.1720482267553165,0.6999967,0
double_bottom,2021-03-26 15:45:00-04:00,2021-03-26 16:00:00-04:00,2021-03-26 16:00:00-04:00,long,85809,85809,393.48,394.7528571428571,2541,999832.68,1003067.01,2156.2199999999375,0.0021562199999999375,394.7528571428571,392.6314285714286,tp,0,3234.329999999906,2933.8950464999057,0.0029338950464999057,1.3606659090909048,0.4076373837299448,0.94215775,1
double_bottom,2021-05-06 15:45:00-04:00,2021-05-06 16:00:00-04:00,2021-05-06 16:00:00-04:00,long,86537,86537,417.78,418.85249999999996,2393,999747.5399999999,1002314.0324999999,1710.99499999994,0.00171099499999994,418.85249999999996,417.065,tp,0,2566.4924999999785,2266.1832641249785,0.0022661832641249786,1.3244826923077262,0.5294227023676451,0.97309464,1
